fold,component_id,family,config,selected,mae,r2,hit_at_010,n_windows,healthy_windows,healthy_window_false_alarm_rate,healthy_trajectories,healthy_trajectory_false_alarm_rate
0,lox_pump,CH-1,CH-1a,True,0.010422805685244322,0.9818021836051619,0.9837168910117239,4606,404,0.0,4,0.0
0,lox_pump,CH-1,CH-1b,True,0.004664246816101835,0.9854252342426395,0.9837168910117239,4606,404,0.0,4,0.0
0,lox_pump,CH-1,CH-1c,True,0.004664246816101835,0.9854252342426395,0.9837168910117239,4606,404,0.0,4,0.0
0,lox_pump,CH-2,CH-2a@z3.0,True,0.004789620982532381,0.9845151601260124,0.9840899448451421,4714,404,0.0,4,0.0
0,lox_pump,CH-2,CH-2a@z4.0,True,0.004846441272641054,0.9842720642333505,0.9841000635997456,4717,404,0.0,4,0.0
0,lox_pump,CH-2,CH-2a@z5.0,True,0.004845935266790689,0.9842683409660715,0.9841101694915254,4720,404,0.0,4,0.0
0,lox_pump,CH-2,CH-2b@z3.0,True,0.004905434123057953,0.9850373638313861,0.9837168910117239,4606,404,0.0,4,0.0
0,lox_pump,CH-2,CH-2b@z4.0,True,0.004948200162263031,0.9849296148222707,0.9837168910117239,4606,404,0.0,4,0.0
0,lox_pump,CH-2,CH-2b@z5.0,True,0.004954789917487476,0.984928906791733,0.9837168910117239,4606,404,0.0,4,0.0
0,lox_pump,CH-2,CH-2c@z3.0,True,0.004905434123057953,0.9850373638313861,0.9837168910117239,4606,404,0.0,4,0.0
0,lox_pump,CH-2,CH-2c@z4.0,True,0.004948200162263031,0.9849296148222707,0.9837168910117239,4606,404,0.0,4,0.0
0,lox_pump,CH-2,CH-2c@z5.0,True,0.004954789917487476,0.984928906791733,0.9837168910117239,4606,404,0.0,4,0.0
0,oxygen_turbine,CH-1,CH-1a,True,0.14546726864267984,-0.07057980836362798,0.18193660442900564,4606,404,0.0,4,0.0
0,oxygen_turbine,CH-1,CH-1b,True,0.030814863810230846,0.7615465342236023,0.9654798089448545,4606,404,0.0,4,0.0
0,oxygen_turbine,CH-1,CH-1c,True,0.030814863810230846,0.7615465342236023,0.9654798089448545,4606,404,0.0,4,0.0
0,oxygen_turbine,CH-2,CH-2a@z3.0,True,0.029090209810675862,0.7131292280123653,0.9513903629802589,4711,404,0.0,4,0.0
0,oxygen_turbine,CH-2,CH-2a@z4.0,True,0.028786034827726167,0.7132459648956588,0.9514212982605006,4714,404,0.0,4,0.0
0,oxygen_turbine,CH-2,CH-2a@z5.0,True,0.028699149107537993,0.7132793899941519,0.9514521941912233,4717,404,0.0,4,0.0
0,oxygen_turbine,CH-2,CH-2b@z3.0,True,0.028562923168145637,0.78805768249892,0.9448545375597047,4606,404,0.0,4,0.0
0,oxygen_turbine,CH-2,CH-2b@z4.0,True,0.028424493917310813,0.7881244919981806,0.9448545375597047,4606,404,0.0,4,0.0
0,oxygen_turbine,CH-2,CH-2b@z5.0,True,0.028461356807952476,0.7880409321027442,0.9448545375597047,4606,404,0.0,4,0.0
0,oxygen_turbine,CH-2,CH-2c@z3.0,True,0.028562923168145637,0.78805768249892,0.9448545375597047,4606,404,0.0,4,0.0
0,oxygen_turbine,CH-2,CH-2c@z4.0,True,0.028424493917310813,0.7881244919981806,0.9448545375597047,4606,404,0.0,4,0.0
0,oxygen_turbine,CH-2,CH-2c@z5.0,True,0.028461356807952476,0.7880409321027442,0.9448545375597047,4606,404,0.0,4,0.0
0,kerosene_pipeline,CH-1,CH-1a,True,0.08937783568570047,-1.5573582536285269,0.7989578810247503,4606,404,0.0,4,0.0
0,kerosene_pipeline,CH-1,CH-1b,True,0.07164927281726126,-1.125332358256474,0.8858011289622232,4606,404,0.0,4,0.0
0,kerosene_pipeline,CH-1,CH-1c,True,0.07164927281726126,-1.125332358256474,0.8858011289622232,4606,404,0.0,4,0.0
0,kerosene_pipeline,CH-2,CH-2a@z3.0,True,0.07027362109039233,-1.1225945875681904,0.8875828168412054,4679,404,0.0,4,0.0
0,kerosene_pipeline,CH-2,CH-2a@z4.0,True,0.07006488996595459,-1.1222980892365269,0.8876788383514841,4683,404,0.0,4,0.0
0,kerosene_pipeline,CH-2,CH-2a@z5.0,True,0.06978395146757782,-1.121910142032557,0.8878942881500427,4692,404,0.0,4,0.0
0,kerosene_pipeline,CH-2,CH-2b@z3.0,True,0.07158202250297548,-1.125383588965144,0.8858011289622232,4606,404,0.0,4,0.0
0,kerosene_pipeline,CH-2,CH-2b@z4.0,True,0.07150370310150292,-1.125235312007986,0.8858011289622232,4606,404,0.0,4,0.0
0,kerosene_pipeline,CH-2,CH-2b@z5.0,True,0.07142320707163537,-1.1251158051502026,0.8858011289622232,4606,404,0.0,4,0.0
0,kerosene_pipeline,CH-2,CH-2c@z3.0,True,0.07158202250297548,-1.125383588965144,0.8858011289622232,4606,404,0.0,4,0.0
0,kerosene_pipeline,CH-2,CH-2c@z4.0,True,0.07150370310150292,-1.125235312007986,0.8858011289622232,4606,404,0.0,4,0.0
0,kerosene_pipeline,CH-2,CH-2c@z5.0,True,0.07142320707163537,-1.1251158051502026,0.8858011289622232,4606,404,0.0,4,0.0
0,kerosene_valve,CH-1,CH-1a,True,0.12517817096627343,0.4692016442091065,0.7566217976552323,4606,404,0.0,4,0.0
0,kerosene_valve,CH-1,CH-1b,True,0.05666843260444993,0.6143597261977712,0.837386018237082,4606,404,0.0,4,0.0
0,kerosene_valve,CH-1,CH-1c,True,0.05666843260444993,0.6143597261977712,0.837386018237082,4606,404,0.0,4,0.0
0,kerosene_valve,CH-2,CH-2a@z3.0,True,0.05213759192802446,0.6200605360293575,0.848960543063216,4714,404,0.0,4,0.0
0,kerosene_valve,CH-2,CH-2a@z4.0,True,0.05206970999891338,0.6200869737351791,0.8490566037735849,4717,404,0.0,4,0.0
0,kerosene_valve,CH-2,CH-2a@z5.0,True,0.05203135588040989,0.620089611858092,0.8490566037735849,4717,404,0.0,4,0.0
0,kerosene_valve,CH-2,CH-2b@z3.0,True,0.055034493383556614,0.617923945798455,0.8434650455927052,4606,404,0.0,4,0.0
0,kerosene_valve,CH-2,CH-2b@z4.0,True,0.05501669228633014,0.6179254355871202,0.8434650455927052,4606,404,0.0,4,0.0
0,kerosene_valve,CH-2,CH-2b@z5.0,True,0.0549970530791025,0.6179273819049107,0.8434650455927052,4606,404,0.0,4,0.0
0,kerosene_valve,CH-2,CH-2c@z3.0,True,0.055034493383556614,0.617923945798455,0.8434650455927052,4606,404,0.0,4,0.0
0,kerosene_valve,CH-2,CH-2c@z4.0,True,0.05501669228633014,0.6179254355871202,0.8434650455927052,4606,404,0.0,4,0.0
0,kerosene_valve,CH-2,CH-2c@z5.0,True,0.0549970530791025,0.6179273819049107,0.8434650455927052,4606,404,0.0,4,0.0
0,gas_generator,CH-1,CH-1a,False,0.26986032266766613,-1.221108357956652,0.5180199739470256,4606,404,0.5321782178217822,4,0.75
0,gas_generator,CH-1,CH-1b,False,0.08156366033273457,0.709857673525882,0.7720364741641338,4606,404,0.2376237623762376,4,0.25
0,gas_generator,CH-1,CH-1c,False,0.08156366033273457,0.709857673525882,0.7720364741641338,4606,404,0.2376237623762376,4,0.25
0,gas_generator,CH-2,CH-2a@z3.0,False,0.07385413605967067,0.5279201121966967,0.8473672990833511,4691,404,0.2202970297029703,4,0.25
0,gas_generator,CH-2,CH-2a@z4.0,True,0.0830372391942964,0.3329562013393609,0.8654622741764081,4705,404,0.0,4,0.0
0,gas_generator,CH-2,CH-2a@z5.0,True,0.08465074445239143,0.30026710766195486,0.867375132837407,4705,404,0.0,4,0.0
0,gas_generator,CH-2,CH-2b@z3.0,False,0.0792128026338572,0.6661598475578244,0.7837603126356926,4606,404,0.2202970297029703,4,0.25
0,gas_generator,CH-2,CH-2b@z4.0,True,0.08502423000598205,0.5983151341462751,0.78419452887538,4606,404,0.0,4,0.0
0,gas_generator,CH-2,CH-2b@z5.0,True,0.08604249607401589,0.5866625035452198,0.785497177594442,4606,404,0.0,4,0.0
0,gas_generator,CH-2,CH-2c@z3.0,False,0.0792128026338572,0.6661598475578244,0.7837603126356926,4606,404,0.2202970297029703,4,0.25
0,gas_generator,CH-2,CH-2c@z4.0,True,0.08502423000598205,0.5983151341462751,0.78419452887538,4606,404,0.0,4,0.0
0,gas_generator,CH-2,CH-2c@z5.0,True,0.08604249607401589,0.5866625035452198,0.785497177594442,4606,404,0.0,4,0.0
0,combustion_chamber,CH-1,CH-1a,True,0.04279980191573642,0.8903981414303609,0.868866695614416,4606,404,0.0,4,0.0
0,combustion_chamber,CH-1,CH-1b,True,0.025763741050936966,0.9247945473951821,0.93573599652627,4606,404,0.0,4,0.0
0,combustion_chamber,CH-1,CH-1c,True,0.025763741050936966,0.9247945473951821,0.93573599652627,4606,404,0.0,4,0.0
0,combustion_chamber,CH-2,CH-2a@z3.0,True,0.025415612318487144,0.9248740345778741,0.9364670530156686,4659,404,0.0,4,0.0
0,combustion_chamber,CH-2,CH-2a@z4.0,True,0.025371325700127935,0.9248913531711414,0.9365759588600814,4667,404,0.0,4,0.0
0,combustion_chamber,CH-2,CH-2a@z5.0,True,0.025338312542714056,0.9249074406350201,0.936670945656825,4674,404,0.0,4,0.0
0,combustion_chamber,CH-2,CH-2b@z3.0,True,0.025861422621648786,0.9247192029497958,0.93573599652627,4606,404,0.0,4,0.0
0,combustion_chamber,CH-2,CH-2b@z4.0,True,0.02589359300784569,0.9247205106588178,0.93573599652627,4606,404,0.0,4,0.0
0,combustion_chamber,CH-2,CH-2b@z5.0,True,0.02598852911609201,0.9246945983042476,0.93573599652627,4606,404,0.0,4,0.0
0,combustion_chamber,CH-2,CH-2c@z3.0,True,0.025861422621648786,0.9247192029497958,0.93573599652627,4606,404,0.0,4,0.0
0,combustion_chamber,CH-2,CH-2c@z4.0,True,0.02589359300784569,0.9247205106588178,0.93573599652627,4606,404,0.0,4,0.0
0,combustion_chamber,CH-2,CH-2c@z5.0,True,0.02598852911609201,0.9246945983042476,0.93573599652627,4606,404,0.0,4,0.0
0,nozzle,CH-1,CH-1a,True,0.04813080254327042,0.7476339044328568,0.8797221016066001,4606,404,0.0,4,0.0
0,nozzle,CH-1,CH-1b,True,0.03118891007906056,0.7862878497708288,0.8851498046026921,4606,404,0.0,4,0.0
0,nozzle,CH-1,CH-1c,True,0.03118891007906056,0.7862878497708288,0.8851498046026921,4606,404,0.0,4,0.0
0,nozzle,CH-2,CH-2a@z3.0,True,0.027181920852665263,0.8383791845864261,0.8920357751277683,4696,404,0.0,4,0.0
0,nozzle,CH-2,CH-2a@z4.0,True,0.027029867924266343,0.8402515969424024,0.8922487223168655,4696,404,0.0,4,0.0
0,nozzle,CH-2,CH-2a@z5.0,True,0.026996641066978733,0.8401054223941314,0.8923404255319148,4700,404,0.0,4,0.0
0,nozzle,CH-2,CH-2b@z3.0,True,0.02950174770459185,0.8253794412592625,0.8851498046026921,4606,404,0.0,4,0.0
0,nozzle,CH-2,CH-2b@z4.0,True,0.02943036072644778,0.8267956627479696,0.8851498046026921,4606,404,0.0,4,0.0
0,nozzle,CH-2,CH-2b@z5.0,True,0.029424381785040567,0.826714766630769,0.8851498046026921,4606,404,0.0,4,0.0
0,nozzle,CH-2,CH-2c@z3.0,True,0.02950174770459185,0.8253794412592625,0.8851498046026921,4606,404,0.0,4,0.0
0,nozzle,CH-2,CH-2c@z4.0,True,0.02943036072644778,0.8267956627479696,0.8851498046026921,4606,404,0.0,4,0.0
0,nozzle,CH-2,CH-2c@z5.0,True,0.029424381785040567,0.826714766630769,0.8851498046026921,4606,404,0.0,4,0.0
1,lox_pump,CH-1,CH-1a,True,0.016005395862737897,0.9810414541658947,0.9725765306122449,4704,505,0.0,5,0.0
1,lox_pump,CH-1,CH-1b,True,0.006890761092363229,0.9852104934929217,0.9725765306122449,4704,505,0.0,5,0.0
1,lox_pump,CH-1,CH-1c,True,0.006890761092363229,0.9852104934929217,0.9725765306122449,4704,505,0.0,5,0.0
1,lox_pump,CH-2,CH-2a@z3.0,True,0.0063242619425031435,0.9869034055883259,0.9740477187107577,4778,505,0.0,5,0.0
1,lox_pump,CH-2,CH-2a@z4.0,True,0.006285008533524396,0.9869092689992174,0.9740694270179842,4782,505,0.0,5,0.0
1,lox_pump,CH-2,CH-2a@z5.0,True,0.006319952545037766,0.9868411530263262,0.9740910990388634,4786,505,0.0,5,0.0
1,lox_pump,CH-2,CH-2b@z3.0,True,0.006764382944626799,0.9865519422116077,0.9727891156462585,4704,505,0.0,5,0.0
1,lox_pump,CH-2,CH-2b@z4.0,True,0.006773181723258491,0.9865571104597574,0.9727891156462585,4704,505,0.0,5,0.0
1,lox_pump,CH-2,CH-2b@z5.0,True,0.006805762926457401,0.9865272643700281,0.9727891156462585,4704,505,0.0,5,0.0
1,lox_pump,CH-2,CH-2c@z3.0,True,0.006764382944626799,0.9865519422116077,0.9727891156462585,4704,505,0.0,5,0.0
1,lox_pump,CH-2,CH-2c@z4.0,True,0.006773181723258491,0.9865571104597574,0.9727891156462585,4704,505,0.0,5,0.0
1,lox_pump,CH-2,CH-2c@z5.0,True,0.006805762926457401,0.9865272643700281,0.9727891156462585,4704,505,0.0,5,0.0
1,oxygen_turbine,CH-1,CH-1a,True,0.08037197283950383,0.18422853498175007,0.8001700680272109,4704,505,0.019801980198019802,5,0.2
1,oxygen_turbine,CH-1,CH-1b,True,0.036992757773238585,0.6139669991765562,0.8983843537414966,4704,505,0.0,5,0.0
1,oxygen_turbine,CH-1,CH-1c,True,0.036992757773238585,0.6139669991765562,0.8983843537414966,4704,505,0.0,5,0.0
1,oxygen_turbine,CH-2,CH-2a@z3.0,True,0.03573528379480619,0.6208276121618979,0.9009255363904081,4754,505,0.0,5,0.0
1,oxygen_turbine,CH-2,CH-2a@z4.0,True,0.035700003263641554,0.6208604281528698,0.9010088272383354,4758,505,0.0,5,0.0
1,oxygen_turbine,CH-2,CH-2a@z5.0,True,0.03569538739555574,0.6208708461601277,0.9010088272383354,4758,505,0.0,5,0.0
1,oxygen_turbine,CH-2,CH-2b@z3.0,True,0.036782713459308156,0.6182872002700937,0.8975340136054422,4704,505,0.0,5,0.0
1,oxygen_turbine,CH-2,CH-2b@z4.0,True,0.03686102987307857,0.618188930074135,0.8973214285714286,4704,505,0.0,5,0.0
1,oxygen_turbine,CH-2,CH-2b@z5.0,True,0.036925097020586634,0.618186009732467,0.8973214285714286,4704,505,0.0,5,0.0
1,oxygen_turbine,CH-2,CH-2c@z3.0,True,0.036782713459308156,0.6182872002700937,0.8975340136054422,4704,505,0.0,5,0.0
1,oxygen_turbine,CH-2,CH-2c@z4.0,True,0.03686102987307857,0.618188930074135,0.8973214285714286,4704,505,0.0,5,0.0
1,oxygen_turbine,CH-2,CH-2c@z5.0,True,0.036925097020586634,0.618186009732467,0.8973214285714286,4704,505,0.0,5,0.0
1,kerosene_pipeline,CH-1,CH-1a,True,0.06816903738681862,0.06151058656868935,0.8703231292517006,4704,505,0.0,5,0.0
1,kerosene_pipeline,CH-1,CH-1b,True,0.058469723881177264,0.29786585000282817,0.8565051020408163,4704,505,0.0,5,0.0
1,kerosene_pipeline,CH-1,CH-1c,True,0.058469723881177264,0.29786585000282817,0.8565051020408163,4704,505,0.0,5,0.0
1,kerosene_pipeline,CH-2,CH-2a@z3.0,True,0.057152820787941,0.30065354145274026,0.8597994149603009,4786,505,0.0,5,0.0
1,kerosene_pipeline,CH-2,CH-2a@z4.0,True,0.057114826812973994,0.300694745340234,0.8598872415953226,4789,505,0.0,5,0.0
1,kerosene_pipeline,CH-2,CH-2a@z5.0,True,0.057065155845321534,0.30074886165891623,0.8600041727519299,4793,505,0.0,5,0.0
1,kerosene_pipeline,CH-2,CH-2b@z3.0,True,0.05832938303077858,0.29892245563219644,0.8565051020408163,4704,505,0.0,5,0.0
1,kerosene_pipeline,CH-2,CH-2b@z4.0,True,0.05833309241836669,0.29892232484238646,0.8565051020408163,4704,505,0.0,5,0.0
1,kerosene_pipeline,CH-2,CH-2b@z5.0,True,0.05833972956135217,0.29892182020519065,0.8565051020408163,4704,505,0.0,5,0.0
1,kerosene_pipeline,CH-2,CH-2c@z3.0,True,0.05832938303077858,0.29892245563219644,0.8565051020408163,4704,505,0.0,5,0.0
1,kerosene_pipeline,CH-2,CH-2c@z4.0,True,0.05833309241836669,0.29892232484238646,0.8565051020408163,4704,505,0.0,5,0.0
1,kerosene_pipeline,CH-2,CH-2c@z5.0,True,0.05833972956135217,0.29892182020519065,0.8565051020408163,4704,505,0.0,5,0.0
1,kerosene_valve,CH-1,CH-1a,False,0.13023038549397964,0.049507530915826825,0.7565901360544217,4704,505,0.1900990099009901,5,0.2
1,kerosene_valve,CH-1,CH-1b,True,0.047851004803832003,0.6176250797518192,0.9007227891156463,4704,505,0.0,5,0.0
1,kerosene_valve,CH-1,CH-1c,True,0.047851004803832003,0.6176250797518192,0.9007227891156463,4704,505,0.0,5,0.0
1,kerosene_valve,CH-2,CH-2a@z3.0,True,0.04675665637778041,0.6180924728793169,0.9014590822584055,4729,505,0.0,5,0.0
1,kerosene_valve,CH-2,CH-2a@z4.0,True,0.04652897607024492,0.6182703204904705,0.9019814502529511,4744,505,0.0,5,0.0
1,kerosene_valve,CH-2,CH-2a@z5.0,True,0.04643570708469813,0.6183225621966909,0.9021258682382657,4751,505,0.0,5,0.0
1,kerosene_valve,CH-2,CH-2b@z3.0,True,0.04742877024776429,0.6178168761006257,0.9007227891156463,4704,505,0.0,5,0.0
1,kerosene_valve,CH-2,CH-2b@z4.0,True,0.04738851030587636,0.6178529171234087,0.9007227891156463,4704,505,0.0,5,0.0
1,kerosene_valve,CH-2,CH-2b@z5.0,True,0.04737535830782124,0.6178533400672401,0.9007227891156463,4704,505,0.0,5,0.0
1,kerosene_valve,CH-2,CH-2c@z3.0,True,0.04742877024776429,0.6178168761006257,0.9007227891156463,4704,505,0.0,5,0.0
1,kerosene_valve,CH-2,CH-2c@z4.0,True,0.04738851030587636,0.6178529171234087,0.9007227891156463,4704,505,0.0,5,0.0
1,kerosene_valve,CH-2,CH-2c@z5.0,True,0.04737535830782124,0.6178533400672401,0.9007227891156463,4704,505,0.0,5,0.0
1,gas_generator,CH-1,CH-1a,False,0.2461575476615137,-0.38668835828686987,0.0625,4704,505,0.5821782178217821,5,0.8
1,gas_generator,CH-1,CH-1b,True,0.08801328001136549,0.436399320589005,0.8439625850340136,4704,505,0.0,5,0.0
1,gas_generator,CH-1,CH-1c,True,0.08801328001136549,0.436399320589005,0.8439625850340136,4704,505,0.0,5,0.0
1,gas_generator,CH-2,CH-2a@z3.0,True,0.08681688767920533,0.19911965574050616,0.8537350910232266,4779,505,0.0,5,0.0
1,gas_generator,CH-2,CH-2a@z4.0,True,0.08751546977545852,0.19271176846793836,0.8540359682141363,4782,505,0.0,5,0.0
1,gas_generator,CH-2,CH-2a@z5.0,True,0.08607465467180174,0.1957997576111401,0.8742690058479532,4788,505,0.0,5,0.0
1,gas_generator,CH-2,CH-2b@z3.0,True,0.08771830594415882,0.3313909725000246,0.8633078231292517,4704,505,0.0,5,0.0
1,gas_generator,CH-2,CH-2b@z4.0,True,0.08798402615453013,0.32863099872146684,0.8633078231292517,4704,505,0.0,5,0.0
1,gas_generator,CH-2,CH-2b@z5.0,True,0.0882707294612287,0.3301472229251695,0.8696853741496599,4704,505,0.0,5,0.0
1,gas_generator,CH-2,CH-2c@z3.0,True,0.08771830594415882,0.3313909725000246,0.8633078231292517,4704,505,0.0,5,0.0
1,gas_generator,CH-2,CH-2c@z4.0,True,0.08798402615453013,0.32863099872146684,0.8633078231292517,4704,505,0.0,5,0.0
1,gas_generator,CH-2,CH-2c@z5.0,True,0.0882707294612287,0.3301472229251695,0.8696853741496599,4704,505,0.0,5,0.0
1,combustion_chamber,CH-1,CH-1a,True,0.04397218410722771,0.8355910247757445,0.8709608843537415,4704,505,0.0,5,0.0
1,combustion_chamber,CH-1,CH-1b,True,0.028976318147880917,0.8390864421485739,0.8920068027210885,4704,505,0.0,5,0.0
1,combustion_chamber,CH-1,CH-1c,True,0.028976318147880917,0.8390864421485739,0.8920068027210885,4704,505,0.0,5,0.0
1,combustion_chamber,CH-2,CH-2a@z3.0,True,0.028429202622320297,0.8393377401251809,0.8934116659672682,4766,505,0.0,5,0.0
1,combustion_chamber,CH-2,CH-2a@z4.0,True,0.02835759549489204,0.8393218382296519,0.8935679865912424,4773,505,0.0,5,0.0
1,combustion_chamber,CH-2,CH-2a@z5.0,True,0.028320151272352063,0.839341992802571,0.8936793637505233,4778,505,0.0,5,0.0
1,combustion_chamber,CH-2,CH-2b@z3.0,True,0.029195900401420626,0.8390672951792111,0.8920068027210885,4704,505,0.0,5,0.0
1,combustion_chamber,CH-2,CH-2b@z4.0,True,0.029198579094791278,0.8390421052401469,0.8920068027210885,4704,505,0.0,5,0.0
1,combustion_chamber,CH-2,CH-2b@z5.0,True,0.029221091249769456,0.839039501541667,0.8920068027210885,4704,505,0.0,5,0.0
1,combustion_chamber,CH-2,CH-2c@z3.0,True,0.029195900401420626,0.8390672951792111,0.8920068027210885,4704,505,0.0,5,0.0
1,combustion_chamber,CH-2,CH-2c@z4.0,True,0.029198579094791278,0.8390421052401469,0.8920068027210885,4704,505,0.0,5,0.0
1,combustion_chamber,CH-2,CH-2c@z5.0,True,0.029221091249769456,0.839039501541667,0.8920068027210885,4704,505,0.0,5,0.0
1,nozzle,CH-1,CH-1a,True,0.05611722010008967,-0.2756062648224098,0.8637329931972789,4704,505,0.0,5,0.0
1,nozzle,CH-1,CH-1b,True,0.022796704987838347,0.5881545714339044,0.9281462585034014,4704,505,0.0,5,0.0
1,nozzle,CH-1,CH-1c,True,0.022796704987838347,0.5881545714339044,0.9281462585034014,4704,505,0.0,5,0.0
1,nozzle,CH-2,CH-2a@z3.0,True,0.02157289169817653,0.6182293753720325,0.9302131216046803,4786,505,0.0,5,0.0
1,nozzle,CH-2,CH-2a@z4.0,True,0.021583762546354385,0.6181100585361873,0.93022770002089,4787,505,0.0,5,0.0
1,nozzle,CH-2,CH-2a@z5.0,True,0.021718144425060374,0.6112070091317653,0.9303295786399666,4794,505,0.0,5,0.0
1,nozzle,CH-2,CH-2b@z3.0,True,0.022374891022277132,0.610225893804612,0.9281462585034014,4704,505,0.0,5,0.0
1,nozzle,CH-2,CH-2b@z4.0,True,0.022397249446423892,0.6101636488207974,0.9281462585034014,4704,505,0.0,5,0.0
1,nozzle,CH-2,CH-2b@z5.0,True,0.022493881942494798,0.60680560935589,0.9281462585034014,4704,505,0.0,5,0.0
1,nozzle,CH-2,CH-2c@z3.0,True,0.022374891022277132,0.610225893804612,0.9281462585034014,4704,505,0.0,5,0.0
1,nozzle,CH-2,CH-2c@z4.0,True,0.022397249446423892,0.6101636488207974,0.9281462585034014,4704,505,0.0,5,0.0
1,nozzle,CH-2,CH-2c@z5.0,True,0.022493881942494798,0.60680560935589,0.9281462585034014,4704,505,0.0,5,0.0
2,lox_pump,CH-1,CH-1a,True,0.0088380797042669,0.9943432451187255,0.9987012987012988,5390,505,0.0,5,0.0
2,lox_pump,CH-1,CH-1b,True,0.0022312998032409186,0.9971927132806916,0.9987012987012988,5390,505,0.0,5,0.0
2,lox_pump,CH-1,CH-1c,True,0.0022312998032409186,0.9971927132806916,0.9987012987012988,5390,505,0.0,5,0.0
2,lox_pump,CH-2,CH-2a@z3.0,True,0.0020956486831130603,0.9977078066349001,0.9996362313568571,5498,505,0.0,5,0.0
2,lox_pump,CH-2,CH-2a@z4.0,True,0.0022057833989323062,0.9974478417830918,0.9996370235934664,5510,505,0.0,5,0.0
2,lox_pump,CH-2,CH-2a@z5.0,True,0.002329581512080376,0.9971260979727704,0.9996372211137312,5513,505,0.0,5,0.0
2,lox_pump,CH-2,CH-2b@z3.0,True,0.0021970930150909994,0.9976988286461616,0.999443413729128,5390,505,0.0,5,0.0
2,lox_pump,CH-2,CH-2b@z4.0,True,0.0022968976004605515,0.9976071951184398,0.999443413729128,5390,505,0.0,5,0.0
2,lox_pump,CH-2,CH-2b@z5.0,True,0.0023848441769481316,0.9975127371710584,0.999443413729128,5390,505,0.0,5,0.0
2,lox_pump,CH-2,CH-2c@z3.0,True,0.0021970930150909994,0.9976988286461616,0.999443413729128,5390,505,0.0,5,0.0
2,lox_pump,CH-2,CH-2c@z4.0,True,0.0022968976004605515,0.9976071951184398,0.999443413729128,5390,505,0.0,5,0.0
2,lox_pump,CH-2,CH-2c@z5.0,True,0.0023848441769481316,0.9975127371710584,0.999443413729128,5390,505,0.0,5,0.0
2,oxygen_turbine,CH-1,CH-1a,False,0.1341471200489164,0.16013492354055525,0.05454545454545454,5390,505,0.1900990099009901,5,0.2
2,oxygen_turbine,CH-1,CH-1b,True,0.03611560139551542,0.7172542524033254,0.8910946196660482,5390,505,0.0,5,0.0
2,oxygen_turbine,CH-1,CH-1c,True,0.03611560139551533,0.7172542524033254,0.8910946196660482,5390,505,0.0,5,0.0
2,oxygen_turbine,CH-2,CH-2a@z3.0,True,0.03200249495426703,0.7304389588287231,0.9080080630382994,5457,505,0.0,5,0.0
2,oxygen_turbine,CH-2,CH-2a@z4.0,True,0.031701622527858256,0.7305349216178563,0.9081427264409881,5465,505,0.0,5,0.0
2,oxygen_turbine,CH-2,CH-2a@z5.0,True,0.031465308947279634,0.7306140447514728,0.9082937522835222,5474,505,0.0,5,0.0
2,oxygen_turbine,CH-2,CH-2b@z3.0,True,0.034236315253061665,0.7267935854205698,0.9063079777365491,5390,505,0.0,5,0.0
2,oxygen_turbine,CH-2,CH-2b@z4.0,True,0.03410573676244488,0.7268385382630289,0.9063079777365491,5390,505,0.0,5,0.0
2,oxygen_turbine,CH-2,CH-2b@z5.0,True,0.0340101822401568,0.7268714337833123,0.9063079777365491,5390,505,0.0,5,0.0
2,oxygen_turbine,CH-2,CH-2c@z3.0,True,0.034236315253061665,0.7267935854205698,0.9063079777365491,5390,505,0.0,5,0.0
2,oxygen_turbine,CH-2,CH-2c@z4.0,True,0.03410573676244488,0.7268385382630289,0.9063079777365491,5390,505,0.0,5,0.0
2,oxygen_turbine,CH-2,CH-2c@z5.0,True,0.0340101822401568,0.7268714337833123,0.9063079777365491,5390,505,0.0,5,0.0
2,kerosene_pipeline,CH-1,CH-1a,True,0.0679847798330107,-0.30680973102160003,0.8653061224489796,5390,505,0.0,5,0.0
2,kerosene_pipeline,CH-1,CH-1b,True,0.05458303904915277,-0.18287016803609046,0.8619666048237477,5390,505,0.0,5,0.0
2,kerosene_pipeline,CH-1,CH-1c,True,0.05458303904915277,-0.18287016803609046,0.8619666048237477,5390,505,0.0,5,0.0
2,kerosene_pipeline,CH-2,CH-2a@z3.0,True,0.05380177108154237,-0.18155239458807504,0.8637362637362638,5460,505,0.0,5,0.0
2,kerosene_pipeline,CH-2,CH-2a@z4.0,True,0.053742530568583025,-0.18145956177401934,0.8638609332113449,5465,505,0.0,5,0.0
2,kerosene_pipeline,CH-2,CH-2a@z5.0,True,0.053666543573879226,-0.18133002650010543,0.8640350877192983,5472,505,0.0,5,0.0
2,kerosene_pipeline,CH-2,CH-2b@z3.0,True,0.054551819127313335,-0.18286998262175924,0.8619666048237477,5390,505,0.0,5,0.0
2,kerosene_pipeline,CH-2,CH-2b@z4.0,True,0.05454907511080106,-0.18286996012527656,0.8619666048237477,5390,505,0.0,5,0.0
2,kerosene_pipeline,CH-2,CH-2b@z5.0,True,0.054547549104432276,-0.18286997628059298,0.8619666048237477,5390,505,0.0,5,0.0
2,kerosene_pipeline,CH-2,CH-2c@z3.0,True,0.054551819127313335,-0.18286998262175924,0.8619666048237477,5390,505,0.0,5,0.0
2,kerosene_pipeline,CH-2,CH-2c@z4.0,True,0.05454907511080106,-0.18286996012527656,0.8619666048237477,5390,505,0.0,5,0.0
2,kerosene_pipeline,CH-2,CH-2c@z5.0,True,0.054547549104432276,-0.18286997628059298,0.8619666048237477,5390,505,0.0,5,0.0
2,kerosene_valve,CH-1,CH-1a,True,0.10149389851446892,0.15444544269037563,0.6515769944341373,5390,505,0.0,5,0.0
2,kerosene_valve,CH-1,CH-1b,True,0.04612815862195483,0.5890724236989093,0.8936920222634508,5390,505,0.0,5,0.0
2,kerosene_valve,CH-1,CH-1c,True,0.04612815862195483,0.5890724236989093,0.8936920222634508,5390,505,0.0,5,0.0
2,kerosene_valve,CH-2,CH-2a@z3.0,True,0.04383221990851013,0.5901857995876021,0.8956664238892935,5492,505,0.0,5,0.0
2,kerosene_valve,CH-2,CH-2a@z4.0,True,0.04362958775265166,0.5902655725277643,0.8956854178044784,5493,505,0.0,5,0.0
2,kerosene_valve,CH-2,CH-2a@z5.0,True,0.043436626478685555,0.5903712198306461,0.8958749772851172,5503,505,0.0,5,0.0
2,kerosene_valve,CH-2,CH-2b@z3.0,True,0.04538087698294437,0.5895125352067627,0.8936920222634508,5390,505,0.0,5,0.0
2,kerosene_valve,CH-2,CH-2b@z4.0,True,0.04528292656948436,0.5895715320104133,0.8936920222634508,5390,505,0.0,5,0.0
2,kerosene_valve,CH-2,CH-2b@z5.0,True,0.045232472171896965,0.589605522409708,0.8936920222634508,5390,505,0.0,5,0.0
2,kerosene_valve,CH-2,CH-2c@z3.0,True,0.04538087698294437,0.5895125352067627,0.8936920222634508,5390,505,0.0,5,0.0
2,kerosene_valve,CH-2,CH-2c@z4.0,True,0.04528292656948436,0.5895715320104133,0.8936920222634508,5390,505,0.0,5,0.0
2,kerosene_valve,CH-2,CH-2c@z5.0,True,0.045232472171896965,0.589605522409708,0.8936920222634508,5390,505,0.0,5,0.0
2,gas_generator,CH-1,CH-1a,True,0.19245014754450374,-0.43612412928035793,0.5443413729128015,5390,505,0.011881188118811881,5,0.2
2,gas_generator,CH-1,CH-1b,True,0.08520793850699739,0.25473174583953284,0.8528756957328386,5390,505,0.0,5,0.0
2,gas_generator,CH-1,CH-1c,True,0.08520793850699739,0.25473174583953284,0.8528756957328386,5390,505,0.0,5,0.0
2,gas_generator,CH-2,CH-2a@z3.0,True,0.07914586145822854,0.16140614159850886,0.8546118721461187,5475,505,0.0,5,0.0
2,gas_generator,CH-2,CH-2a@z4.0,True,0.07905761143777038,0.16149003257640138,0.8550619082301529,5492,505,0.0,5,0.0
2,gas_generator,CH-2,CH-2a@z5.0,True,0.07904961451153807,0.16150061723690334,0.8551146705496906,5494,505,0.0,5,0.0
2,gas_generator,CH-2,CH-2b@z3.0,True,0.08433076729980861,0.21117237241944675,0.8528756957328386,5390,505,0.0,5,0.0
2,gas_generator,CH-2,CH-2b@z4.0,True,0.08586172381574214,0.21060676273958234,0.8528756957328386,5390,505,0.0,5,0.0
2,gas_generator,CH-2,CH-2b@z5.0,True,0.0863794477217706,0.2101946467408089,0.8528756957328386,5390,505,0.0,5,0.0
2,gas_generator,CH-2,CH-2c@z3.0,True,0.08433076729980861,0.21117237241944675,0.8528756957328386,5390,505,0.0,5,0.0
2,gas_generator,CH-2,CH-2c@z4.0,True,0.08586172381574214,0.21060676273958234,0.8528756957328386,5390,505,0.0,5,0.0
2,gas_generator,CH-2,CH-2c@z5.0,True,0.0863794477217706,0.2101946467408089,0.8528756957328386,5390,505,0.0,5,0.0
2,combustion_chamber,CH-1,CH-1a,True,0.04465191296888366,0.9036269183676151,0.8152133580705009,5390,505,0.0,5,0.0
2,combustion_chamber,CH-1,CH-1b,True,0.02856204073666798,0.8880166538931147,0.900556586270872,5390,505,0.0,5,0.0
2,combustion_chamber,CH-1,CH-1c,True,0.02856204073666798,0.8880166538931147,0.900556586270872,5390,505,0.0,5,0.0
2,combustion_chamber,CH-2,CH-2a@z3.0,True,0.027763966394357947,0.8883511437510871,0.9022432974648915,5483,505,0.0,5,0.0
2,combustion_chamber,CH-2,CH-2a@z4.0,True,0.02766112636722424,0.8883805830394803,0.9022967553773241,5486,505,0.0,5,0.0
2,combustion_chamber,CH-2,CH-2a@z5.0,True,0.027608238625613624,0.8883992870789159,0.902332361516035,5488,505,0.0,5,0.0
2,combustion_chamber,CH-2,CH-2b@z3.0,True,0.02910636406530369,0.8877749554319465,0.8994434137291281,5390,505,0.0,5,0.0
2,combustion_chamber,CH-2,CH-2b@z4.0,True,0.02911404920946765,0.8877860561410128,0.8994434137291281,5390,505,0.0,5,0.0
2,combustion_chamber,CH-2,CH-2b@z5.0,True,0.029109653169893206,0.8877936853123687,0.8994434137291281,5390,505,0.0,5,0.0
2,combustion_chamber,CH-2,CH-2c@z3.0,True,0.02910636406530369,0.8877749554319465,0.8994434137291281,5390,505,0.0,5,0.0
2,combustion_chamber,CH-2,CH-2c@z4.0,True,0.02911404920946765,0.8877860561410128,0.8994434137291281,5390,505,0.0,5,0.0
2,combustion_chamber,CH-2,CH-2c@z5.0,True,0.029109653169893206,0.8877936853123687,0.8994434137291281,5390,505,0.0,5,0.0
2,nozzle,CH-1,CH-1a,True,0.05330210238803414,0.8080461020542886,0.9111317254174397,5390,505,0.0,5,0.0
2,nozzle,CH-1,CH-1b,True,0.03989368525776676,0.7897766604497026,0.9044526901669759,5390,505,0.0,5,0.0
2,nozzle,CH-1,CH-1c,True,0.03989368525776676,0.7897766604497026,0.9044526901669759,5390,505,0.0,5,0.0
2,nozzle,CH-2,CH-2a@z3.0,True,0.037180100041959874,0.8049352153824572,0.9079934150356685,5467,505,0.0,5,0.0
2,nozzle,CH-2,CH-2a@z4.0,True,0.036599387518236194,0.8075540560745433,0.9088084795321637,5472,505,0.0,5,0.0
2,nozzle,CH-2,CH-2a@z5.0,True,0.036449977362982625,0.8082304272788244,0.909107501368863,5479,505,0.0,5,0.0
2,nozzle,CH-2,CH-2b@z3.0,True,0.03894516443885143,0.8005467002560352,0.9044526901669759,5390,505,0.0,5,0.0
2,nozzle,CH-2,CH-2b@z4.0,True,0.038706063033909235,0.8024813762227464,0.9044526901669759,5390,505,0.0,5,0.0
2,nozzle,CH-2,CH-2b@z5.0,True,0.0386882674529743,0.8029596353542094,0.9044526901669759,5390,505,0.0,5,0.0
2,nozzle,CH-2,CH-2c@z3.0,True,0.03894516443885143,0.8005467002560352,0.9044526901669759,5390,505,0.0,5,0.0
2,nozzle,CH-2,CH-2c@z4.0,True,0.038706063033909235,0.8024813762227464,0.9044526901669759,5390,505,0.0,5,0.0
2,nozzle,CH-2,CH-2c@z5.0,True,0.0386882674529743,0.8029596353542094,0.9044526901669759,5390,505,0.0,5,0.0
